station_id,song_id,breakout_name,date,t1,t2,t3,t4,t5,t6
3381262,92609280,Nepal,14/11/2022,85,,,,,
3381262,92609280,Type_C,14/11/2022,,,,,,85
3381262,92609280,Neighbour,14/11/2022,,85,,,,
3381262,92609280,White,14/11/2022,,,85,,,
3381262,92609280,Reality,14/11/2022,,,,,85,
3381262,92609280,Bus,14/11/2022,,,,85,,
3381262,626620819,Reality,14/11/2022,,,,,82,
3381262,626620819,Nepal,14/11/2022,82,,,,,
3381262,626620819,Type_C,14/11/2022,,,,,,82
3381262,626620819,White,14/11/2022,,,82,,,
3381262,626620819,Neighbour,14/11/2022,,82,,,,
3381262,626620819,Bus,14/11/2022,,,,82,,
3381262,717339768,Nepal,14/11/2022,91,,,,,
3381262,717339768,Bus,14/11/2022,,,,91,,
3381262,717339768,Neighbour,14/11/2022,,91,,,,
3381262,717339768,White,14/11/2022,,,91,,,
3381262,717339768,Reality,14/11/2022,,,,,91,
3381262,717339768,Type_C,14/11/2022,,,,,,91
3381262,926222897,Reality,14/11/2022,,,,,80,
3381262,926222897,White,14/11/2022,,,80,,,
3381262,926222897,Nepal,14/11/2022,80,,,,,
3381262,926222897,Bus,14/11/2022,,,,80,,
3381262,926222897,Type_C,14/11/2022,,,,,,80
3381262,926222897,Neighbour,14/11/2022,,80,,,,
3381262,931550947,Bus,14/11/2022,,,,88,,
3381262,931550947,Neighbour,14/11/2022,,88,,,,
3381262,931550947,Type_C,14/11/2022,,,,,,88
3381262,931550947,Nepal,14/11/2022,88,,,,,
3381262,931550947,White,14/11/2022,,,88,,,
3381262,931550947,Reality,14/11/2022,,,,,88,
3381262,970901868,White,14/11/2022,,,86,,,
3381262,970901868,Bus,14/11/2022,,,,86,,
3381262,970901868,Reality,14/11/2022,,,,,86,
3381262,970901868,Neighbour,14/11/2022,,86,,,,
3381262,970901868,Type_C,14/11/2022,,,,,,86
3381262,970901868,Nepal,14/11/2022,86,,,,,
3381262,1047746392,Nepal,14/11/2022,95,,,,,
3381262,1047746392,Reality,14/11/2022,,,,,95,
3381262,1047746392,Neighbour,14/11/2022,,95,,,,
3381262,1047746392,Type_C,14/11/2022,,,,,,95
3381262,1047746392,White,14/11/2022,,,95,,,
3381262,1047746392,Bus,14/11/2022,,,,95,,
3381262,1057894379,Reality,14/11/2022,,,,,102,
3381262,1057894379,Nepal,14/11/2022,102,,,,,
3381262,1057894379,Neighbour,14/11/2022,,102,,,,
3381262,1057894379,Type_C,14/11/2022,,,,,,102
3381262,1057894379,White,14/11/2022,,,102,,,
3381262,1057894379,Bus,14/11/2022,,,,102,,
3381262,1067973990,Nepal,14/11/2022,84,,,,,
3381262,1067973990,White,14/11/2022,,,84,,,
3381262,1067973990,Type_C,14/11/2022,,,,,,84
3381262,1067973990,Neighbour,14/11/2022,,84,,,,
3381262,1067973990,Bus,14/11/2022,,,,84,,
3381262,1067973990,Reality,14/11/2022,,,,,84,
3381262,1196867123,Reality,14/11/2022,,,,,82,
3381262,1196867123,Nepal,14/11/2022,82,,,,,
3381262,1196867123,Type_C,14/11/2022,,,,,,82
3381262,1196867123,Neighbour,14/11/2022,,82,,,,
3381262,1196867123,White,14/11/2022,,,82,,,
3381262,1196867123,Bus,14/11/2022,,,,82,,
3381262,1203817475,Bus,14/11/2022,,,,88,,
3381262,1203817475,Nepal,14/11/2022,88,,,,,
3381262,1203817475,White,14/11/2022,,,88,,,
3381262,1203817475,Type_C,14/11/2022,,,,,,88
3381262,1203817475,Reality,14/11/2022,,,,,88,
3381262,1203817475,Neighbour,14/11/2022,,88,,,,
3381262,1211530689,Bus,14/11/2022,,,,82,,
3381262,1211530689,Reality,14/11/2022,,,,,82,
3381262,1211530689,Nepal,14/11/2022,82,,,,,
3381262,1211530689,Type_C,14/11/2022,,,,,,82
3381262,1211530689,Neighbour,14/11/2022,,82,,,,
3381262,1211530689,White,14/11/2022,,,82,,,
3381262,1214519194,Type_C,14/11/2022,,,,,,76
3381262,1214519194,Nepal,14/11/2022,76,,,,,
3381262,1214519194,Reality,14/11/2022,,,,,76,
3381262,1214519194,Neighbour,14/11/2022,,76,,,,
3381262,1214519194,Bus,14/11/2022,,,,76,,
3381262,1214519194,White,14/11/2022,,,76,,,
3381262,1214621303,White,14/11/2022,,,84,,,
3381262,1214621303,Reality,14/11/2022,,,,,84,
3381262,1214621303,Nepal,14/11/2022,84,,,,,
3381262,1214621303,Bus,14/11/2022,,,,84,,
3381262,1214621303,Type_C,14/11/2022,,,,,,84
3381262,1214621303,Neighbour,14/11/2022,,84,,,,
3381262,1214992081,Reality,14/11/2022,,,,,85,
3381262,1214992081,Bus,14/11/2022,,,,85,,
3381262,1214992081,Nepal,14/11/2022,85,,,,,
3381262,1214992081,Type_C,14/11/2022,,,,,,85
3381262,1214992081,White,14/11/2022,,,85,,,
3381262,1214992081,Neighbour,14/11/2022,,85,,,,
3381262,1215054488,Reality,14/11/2022,,,,,90,
3381262,1215054488,Type_C,14/11/2022,,,,,,90
3381262,1215054488,Bus,14/11/2022,,,,90,,
3381262,1215054488,White,14/11/2022,,,90,,,
3381262,1215054488,Nepal,14/11/2022,90,,,,,
3381262,1215054488,Neighbour,14/11/2022,,90,,,,
3381262,1215086114,Nepal,14/11/2022,90,,,,,
3381262,1215086114,Bus,14/11/2022,,,,90,,
3381262,1215086114,White,14/11/2022,,,90,,,
3381262,1215086114,Type_C,14/11/2022,,,,,,90
3381262,1215086114,Neighbour,14/11/2022,,90,,,,
3381262,1215086114,Reality,14/11/2022,,,,,90,
3381262,1215124664,Type_C,14/11/2022,,,,,,84
3381262,1215124664,Neighbour,14/11/2022,,84,,,,
3381262,1215124664,Reality,14/11/2022,,,,,84,
3381262,1215124664,White,14/11/2022,,,84,,,
3381262,1215124664,Nepal,14/11/2022,84,,,,,
3381262,1215124664,Bus,14/11/2022,,,,84,,
3381262,1215182596,Reality,14/11/2022,,,,,84,
3381262,1215182596,Neighbour,14/11/2022,,84,,,,
3381262,1215182596,White,14/11/2022,,,84,,,
3381262,1215182596,Nepal,14/11/2022,84,,,,,
3381262,1215182596,Bus,14/11/2022,,,,84,,
3381262,1215182596,Type_C,14/11/2022,,,,,,84
3381262,1215195611,Bus,14/11/2022,,,,83,,
3381262,1215195611,Type_C,14/11/2022,,,,,,83
3381262,1215195611,Nepal,14/11/2022,83,,,,,
3381262,1215195611,Reality,14/11/2022,,,,,83,
3381262,1215195611,Neighbour,14/11/2022,,83,,,,
3381262,1215195611,White,14/11/2022,,,83,,,
3381262,1215547386,White,14/11/2022,,,74,,,
3381262,1215547386,Reality,14/11/2022,,,,,74,
3381262,1215547386,Neighbour,14/11/2022,,74,,,,
3381262,1215547386,Nepal,14/11/2022,74,,,,,
3381262,1215547386,Bus,14/11/2022,,,,74,,
3381262,1215547386,Type_C,14/11/2022,,,,,,74
3381262,1215591470,Neighbour,14/11/2022,,79,,,,
3381262,1215591470,Nepal,14/11/2022,79,,,,,
3381262,1215591470,White,14/11/2022,,,79,,,
3381262,1215591470,Reality,14/11/2022,,,,,79,
3381262,1215591470,Bus,14/11/2022,,,,79,,
3381262,1215591470,Type_C,14/11/2022,,,,,,79
3381262,1215606288,Neighbour,14/11/2022,,90,,,,
3381262,1215606288,Bus,14/11/2022,,,,90,,
3381262,1215606288,Type_C,14/11/2022,,,,,,90
3381262,1215606288,Reality,14/11/2022,,,,,90,
3381262,1215606288,White,14/11/2022,,,90,,,
3381262,1215606288,Nepal,14/11/2022,90,,,,,
3381262,1215614151,Bus,14/11/2022,,,,79,,
3381262,1215614151,White,14/11/2022,,,79,,,
3381262,1215614151,Reality,14/11/2022,,,,,79,
3381262,1215614151,Nepal,14/11/2022,79,,,,,
3381262,1215614151,Type_C,14/11/2022,,,,,,79
3381262,1215614151,Neighbour,14/11/2022,,79,,,,
3381262,1215909198,White,14/11/2022,,,78,,,
3381262,1215909198,Type_C,14/11/2022,,,,,,78
3381262,1215909198,Reality,14/11/2022,,,,,78,
3381262,1215909198,Bus,14/11/2022,,,,78,,
3381262,1215909198,Nepal,14/11/2022,78,,,,,
3381262,1215909198,Neighbour,14/11/2022,,78,,,,
3381262,1219726456,Reality,14/11/2022,,,,,91,
3381262,1219726456,Nepal,14/11/2022,91,,,,,
3381262,1219726456,Type_C,14/11/2022,,,,,,91
3381262,1219726456,White,14/11/2022,,,91,,,
3381262,1219726456,Bus,14/11/2022,,,,91,,
3381262,1219726456,Neighbour,14/11/2022,,91,,,,
3381262,1289835463,Bus,14/11/2022,,,,84,,
3381262,1289835463,Nepal,14/11/2022,84,,,,,
3381262,1289835463,Reality,14/11/2022,,,,,84,
3381262,1289835463,Type_C,14/11/2022,,,,,,84
3381262,1289835463,White,14/11/2022,,,84,,,
3381262,1289835463,Neighbour,14/11/2022,,84,,,,
3381262,1306358795,Bus,14/11/2022,,,,89,,
3381262,1306358795,Nepal,14/11/2022,89,,,,,
3381262,1306358795,Neighbour,14/11/2022,,89,,,,
3381262,1306358795,Type_C,14/11/2022,,,,,,89
3381262,1306358795,Reality,14/11/2022,,,,,89,
3381262,1306358795,White,14/11/2022,,,89,,,
3381262,1347713223,Bus,14/11/2022,,,,76,,
3381262,1347713223,Reality,14/11/2022,,,,,76,
3381262,1347713223,Type_C,14/11/2022,,,,,,76
3381262,1347713223,Neighbour,14/11/2022,,76,,,,
3381262,1347713223,Nepal,14/11/2022,76,,,,,
3381262,1347713223,White,14/11/2022,,,76,,,
3381262,2197663346,Reality,14/11/2022,,,,,93,
3381262,2197663346,Neighbour,14/11/2022,,93,,,,
3381262,2197663346,Nepal,14/11/2022,93,,,,,
3381262,2197663346,White,14/11/2022,,,93,,,
3381262,2197663346,Bus,14/11/2022,,,,93,,
3381262,2197663346,Type_C,14/11/2022,,,,,,93
3381262,2250989825,Neighbour,14/11/2022,,80,,,,
3381262,2250989825,Bus,14/11/2022,,,,80,,
3381262,2250989825,Reality,14/11/2022,,,,,80,
3381262,2250989825,Type_C,14/11/2022,,,,,,80
3381262,2250989825,White,14/11/2022,,,80,,,
3381262,2250989825,Nepal,14/11/2022,80,,,,,
3381262,2253391287,Nepal,14/11/2022,80,,,,,
3381262,2253391287,White,14/11/2022,,,80,,,
3381262,2253391287,Neighbour,14/11/2022,,80,,,,
3381262,2253391287,Bus,14/11/2022,,,,80,,
3381262,2253391287,Reality,14/11/2022,,,,,80,
3381262,2253391287,Type_C,14/11/2022,,,,,,80
3381262,2267615098,Nepal,14/11/2022,78,,,,,
3381262,2267615098,Bus,14/11/2022,,,,78,,
3381262,2267615098,Reality,14/11/2022,,,,,78,
3381262,2267615098,Neighbour,14/11/2022,,78,,,,
3381262,2267615098,Type_C,14/11/2022,,,,,,78
3381262,2267615098,White,14/11/2022,,,78,,,
3381262,2289174637,Bus,14/11/2022,,,,64,,
3381262,2289174637,Neighbour,14/11/2022,,64,,,,
3381262,2289174637,Reality,14/11/2022,,,,,64,
3381262,2289174637,Nepal,14/11/2022,64,,,,,
3381262,2289174637,White,14/11/2022,,,64,,,
3381262,2289174637,Type_C,14/11/2022,,,,,,64
3381262,2296488544,Bus,14/11/2022,,,,73,,
3381262,2296488544,Nepal,14/11/2022,73,,,,,
3381262,2296488544,White,14/11/2022,,,73,,,
3381262,2296488544,Reality,14/11/2022,,,,,73,
3381262,2296488544,Neighbour,14/11/2022,,73,,,,
3381262,2296488544,Type_C,14/11/2022,,,,,,73
3381262,2299849334,Reality,14/11/2022,,,,,85,
3381262,2299849334,Type_C,14/11/2022,,,,,,85
3381262,2299849334,Bus,14/11/2022,,,,85,,
3381262,2299849334,Nepal,14/11/2022,85,,,,,
3381262,2299849334,White,14/11/2022,,,85,,,
3381262,2299849334,Neighbour,14/11/2022,,85,,,,
3381262,2299850656,Bus,14/11/2022,,,,68,,
3381262,2299850656,Nepal,14/11/2022,68,,,,,
3381262,2299850656,Neighbour,14/11/2022,,68,,,,
3381262,2299850656,Reality,14/11/2022,,,,,68,
3381262,2299850656,White,14/11/2022,,,68,,,
3381262,2299850656,Type_C,14/11/2022,,,,,,68
3381262,2299859210,White,14/11/2022,,,63,,,
3381262,2299859210,Type_C,14/11/2022,,,,,,63
3381262,2299859210,Neighbour,14/11/2022,,63,,,,
3381262,2299859210,Nepal,14/11/2022,63,,,,,
3381262,2299859210,Bus,14/11/2022,,,,63,,
3381262,2299859210,Reality,14/11/2022,,,,,63,
3381262,2300232536,Type_C,14/11/2022,,,,,,73
3381262,2300232536,Nepal,14/11/2022,73,,,,,
3381262,2300232536,Neighbour,14/11/2022,,73,,,,
3381262,2300232536,White,14/11/2022,,,73,,,
3381262,2300232536,Reality,14/11/2022,,,,,73,
3381262,2300232536,Bus,14/11/2022,,,,73,,
3322022,85816609,Neighbour,14/11/2022,,105,,,,
3322022,85816609,Nepal,14/11/2022,105,,,,,
3322022,85816609,Bus,14/11/2022,,,,105,,
3322022,85816609,Type_C,14/11/2022,,,,,,105
3322022,85816609,Reality,14/11/2022,,,,,105,
3322022,86750754,Reality,14/11/2022,,,,,106,
3322022,86750754,Bus,14/11/2022,,,,106,,
3322022,86750754,Nepal,14/11/2022,106,,,,,
3322022,86750754,Neighbour,14/11/2022,,106,,,,
3322022,86750754,Type_C,14/11/2022,,,,,,106
3322022,92609280,Bus,14/11/2022,,,,81,,
3322022,92609280,Nepal,14/11/2022,81,,,,,
3322022,92609280,Reality,14/11/2022,,,,,81,
3322022,92609280,Type_C,14/11/2022,,,,,,81
3322022,92609280,Neighbour,14/11/2022,,81,,,,
3322022,112030564,Bus,14/11/2022,,,,97,,
3322022,112030564,Reality,14/11/2022,,,,,97,
3322022,112030564,Type_C,14/11/2022,,,,,,97
3322022,112030564,Nepal,14/11/2022,97,,,,,
3322022,112030564,Neighbour,14/11/2022,,97,,,,
3322022,529605503,Type_C,14/11/2022,,,,,,80
3322022,529605503,Nepal,14/11/2022,80,,,,,
3322022,529605503,Neighbour,14/11/2022,,80,,,,
3322022,529605503,Reality,14/11/2022,,,,,80,
3322022,529605503,Bus,14/11/2022,,,,80,,
3322022,1196867123,Nepal,14/11/2022,84,,,,,
3322022,1196867123,Type_C,14/11/2022,,,,,,84
3322022,1196867123,Bus,14/11/2022,,,,84,,
3322022,1196867123,Reality,14/11/2022,,,,,84,
3322022,1196867123,Neighbour,14/11/2022,,84,,,,
3322022,1203817475,Bus,14/11/2022,,,,90,,
3322022,1203817475,Reality,14/11/2022,,,,,90,
3322022,1203817475,Nepal,14/11/2022,90,,,,,
3322022,1203817475,Neighbour,14/11/2022,,90,,,,
3322022,1203817475,Type_C,14/11/2022,,,,,,90
3322022,1212122708,Type_C,14/11/2022,,,,,,95
3322022,1212122708,Bus,14/11/2022,,,,95,,
3322022,1212122708,Nepal,14/11/2022,95,,,,,
3322022,1212122708,Neighbour,14/11/2022,,95,,,,
3322022,1212122708,Reality,14/11/2022,,,,,95,
3322022,1214548025,Neighbour,14/11/2022,,74,,,,
3322022,1214548025,Reality,14/11/2022,,,,,74,
3322022,1214548025,Bus,14/11/2022,,,,74,,
3322022,1214548025,Nepal,14/11/2022,74,,,,,
3322022,1214548025,Type_C,14/11/2022,,,,,,74
3322022,1215547386,Neighbour,14/11/2022,,100,,,,
3322022,1215547386,Reality,14/11/2022,,,,,100,
3322022,1215547386,Type_C,14/11/2022,,,,,,100
3322022,1215547386,Bus,14/11/2022,,,,100,,
3322022,1215547386,Nepal,14/11/2022,100,,,,,
3322022,1215606288,Reality,14/11/2022,,,,,98,
3322022,1215606288,Type_C,14/11/2022,,,,,,98
3322022,1215606288,Neighbour,14/11/2022,,98,,,,
3322022,1215606288,Nepal,14/11/2022,98,,,,,
3322022,1215606288,Bus,14/11/2022,,,,98,,
3322022,1215606291,Bus,14/11/2022,,,,93,,
3322022,1215606291,Neighbour,14/11/2022,,93,,,,
3322022,1215606291,Nepal,14/11/2022,93,,,,,
3322022,1215606291,Type_C,14/11/2022,,,,,,93
3322022,1215606291,Reality,14/11/2022,,,,,93,
3322022,1215703816,Bus,14/11/2022,,,,66,,
3322022,1215703816,Neighbour,14/11/2022,,66,,,,
3322022,1215703816,Reality,14/11/2022,,,,,66,
3322022,1215703816,Nepal,14/11/2022,66,,,,,
3322022,1215703816,Type_C,14/11/2022,,,,,,66
3322022,1215883719,Reality,14/11/2022,,,,,109,
3322022,1215883719,Type_C,14/11/2022,,,,,,109
3322022,1215883719,Bus,14/11/2022,,,,109,,
3322022,1215883719,Nepal,14/11/2022,109,,,,,
3322022,1215883719,Neighbour,14/11/2022,,109,,,,
3322022,1289835463,Neighbour,14/11/2022,,103,,,,
3322022,1289835463,Type_C,14/11/2022,,,,,,103
3322022,1289835463,Bus,14/11/2022,,,,103,,
3322022,1289835463,Reality,14/11/2022,,,,,103,
3322022,1289835463,Nepal,14/11/2022,103,,,,,
3322022,1317516868,Neighbour,14/11/2022,,92,,,,
3322022,1317516868,Nepal,14/11/2022,92,,,,,
3322022,1317516868,Type_C,14/11/2022,,,,,,92
3322022,1317516868,Bus,14/11/2022,,,,92,,
3322022,1317516868,Reality,14/11/2022,,,,,92,
3322022,1364063071,Bus,14/11/2022,,,,78,,
3322022,1364063071,Reality,14/11/2022,,,,,78,
3322022,1364063071,Type_C,14/11/2022,,,,,,78
3322022,1364063071,Nepal,14/11/2022,78,,,,,
3322022,1364063071,Neighbour,14/11/2022,,78,,,,
3322022,2197663346,Nepal,14/11/2022,110,,,,,
3322022,2197663346,Bus,14/11/2022,,,,110,,
3322022,2197663346,Type_C,14/11/2022,,,,,,110
3322022,2197663346,Reality,14/11/2022,,,,,110,
3322022,2197663346,Neighbour,14/11/2022,,110,,,,
3322022,2204833027,Neighbour,14/11/2022,,86,,,,
3322022,2204833027,Bus,14/11/2022,,,,86,,
3322022,2204833027,Nepal,14/11/2022,86,,,,,
3322022,2204833027,Type_C,14/11/2022,,,,,,86
3322022,2204833027,Reality,14/11/2022,,,,,86,
3322022,2236631131,Reality,14/11/2022,,,,,88,
3322022,2236631131,Nepal,14/11/2022,88,,,,,
3322022,2236631131,Bus,14/11/2022,,,,88,,
3322022,2236631131,Type_C,14/11/2022,,,,,,88
3322022,2236631131,Neighbour,14/11/2022,,88,,,,
3322022,2238852222,Type_C,14/11/2022,,,,,,77
3322022,2238852222,Reality,14/11/2022,,,,,77,
3322022,2238852222,Neighbour,14/11/2022,,77,,,,
3322022,2238852222,Nepal,14/11/2022,77,,,,,
3322022,2238852222,Bus,14/11/2022,,,,77,,
3322022,2250989825,Nepal,14/11/2022,92,,,,,
3322022,2250989825,Reality,14/11/2022,,,,,92,
3322022,2250989825,Neighbour,14/11/2022,,92,,,,
3322022,2250989825,Type_C,14/11/2022,,,,,,92
3322022,2250989825,Bus,14/11/2022,,,,92,,
3322022,2253391287,Type_C,14/11/2022,,,,,,89
3322022,2253391287,Reality,14/11/2022,,,,,89,
3322022,2253391287,Bus,14/11/2022,,,,89,,
3322022,2253391287,Neighbour,14/11/2022,,89,,,,
3322022,2253391287,Nepal,14/11/2022,89,,,,,
3322022,2253642927,Type_C,14/11/2022,,,,,,78
3322022,2253642927,Neighbour,14/11/2022,,78,,,,
3322022,2253642927,Bus,14/11/2022,,,,78,,
3322022,2253642927,Nepal,14/11/2022,78,,,,,
3322022,2253642927,Reality,14/11/2022,,,,,78,
3322022,2267615098,Reality,14/11/2022,,,,,84,
3322022,2267615098,Type_C,14/11/2022,,,,,,84
3322022,2267615098,Nepal,14/11/2022,84,,,,,
3322022,2267615098,Bus,14/11/2022,,,,84,,
3322022,2267615098,Neighbour,14/11/2022,,84,,,,
3322022,2296488544,Nepal,14/11/2022,95,,,,,
3322022,2296488544,Neighbour,14/11/2022,,95,,,,
3322022,2296488544,Type_C,14/11/2022,,,,,,95
3322022,2296488544,Bus,14/11/2022,,,,95,,
3322022,2296488544,Reality,14/11/2022,,,,,95,
3322022,2299703759,Nepal,14/11/2022,89,,,,,
3322022,2299703759,Type_C,14/11/2022,,,,,,89
3322022,2299703759,Bus,14/11/2022,,,,89,,
3322022,2299703759,Reality,14/11/2022,,,,,89,
3322022,2299703759,Neighbour,14/11/2022,,89,,,,
3322022,2299843774,Neighbour,14/11/2022,,71,,,,
3322022,2299843774,Type_C,14/11/2022,,,,,,71
3322022,2299843774,Reality,14/11/2022,,,,,71,
3322022,2299843774,Bus,14/11/2022,,,,71,,
3322022,2299843774,Nepal,14/11/2022,71,,,,,
3322022,2299849334,Bus,14/11/2022,,,,68,,
3322022,2299849334,Type_C,14/11/2022,,,,,,68
3322022,2299849334,Reality,14/11/2022,,,,,68,
3322022,2299849334,Nepal,14/11/2022,68,,,,,
3322022,2299849334,Neighbour,14/11/2022,,68,,,,
3322022,2299849598,Bus,14/11/2022,,,,80,,
3322022,2299849598,Nepal,14/11/2022,80,,,,,
3322022,2299849598,Neighbour,14/11/2022,,80,,,,
3322022,2299849598,Type_C,14/11/2022,,,,,,80
3322022,2299849598,Reality,14/11/2022,,,,,80,
3322022,2299850656,Nepal,14/11/2022,71,,,,,
3322022,2299850656,Reality,14/11/2022,,,,,71,
3322022,2299850656,Neighbour,14/11/2022,,71,,,,
3322022,2299850656,Bus,14/11/2022,,,,71,,
3322022,2299850656,Type_C,14/11/2022,,,,,,71
3322022,2299859210,Neighbour,14/11/2022,,77,,,,
3322022,2299859210,Reality,14/11/2022,,,,,77,
3322022,2299859210,Type_C,14/11/2022,,,,,,77
3322022,2299859210,Bus,14/11/2022,,,,77,,
3322022,2299859210,Nepal,14/11/2022,77,,,,,
3322022,2299863743,Reality,14/11/2022,,,,,75,
3322022,2299863743,Type_C,14/11/2022,,,,,,75
3322022,2299863743,Bus,14/11/2022,,,,75,,
3322022,2299863743,Neighbour,14/11/2022,,75,,,,
3322022,2299863743,Nepal,14/11/2022,75,,,,,
3322022,2299866729,Type_C,14/11/2022,,,,,,76
3322022,2299866729,Nepal,14/11/2022,76,,,,,
3322022,2299866729,Reality,14/11/2022,,,,,76,
3322022,2299866729,Bus,14/11/2022,,,,76,,
3322022,2299866729,Neighbour,14/11/2022,,76,,,,
3322022,2299867765,Bus,14/11/2022,,,,81,,
3322022,2299867765,Neighbour,14/11/2022,,81,,,,
3322022,2299867765,Nepal,14/11/2022,81,,,,,
3322022,2299867765,Reality,14/11/2022,,,,,81,
3322022,2299867765,Type_C,14/11/2022,,,,,,81
3322022,2300232536,Reality,14/11/2022,,,,,91,
3322022,2300232536,Type_C,14/11/2022,,,,,,91
3322022,2300232536,Bus,14/11/2022,,,,91,,
3322022,2300232536,Neighbour,14/11/2022,,91,,,,
3322022,2300232536,Nepal,14/11/2022,91,,,,,
3322022,2300872133,Bus,14/11/2022,,,,81,,
3322022,2300872133,Neighbour,14/11/2022,,81,,,,
3322022,2300872133,Nepal,14/11/2022,81,,,,,
3322022,2300872133,Type_C,14/11/2022,,,,,,81
3322022,2300872133,Reality,14/11/2022,,,,,81,
3322022,2312173537,Neighbour,14/11/2022,,74,,,,
3322022,2312173537,Type_C,14/11/2022,,,,,,74
3322022,2312173537,Bus,14/11/2022,,,,74,,
3322022,2312173537,Reality,14/11/2022,,,,,74,
3322022,2312173537,Nepal,14/11/2022,74,,,,,
3322613,92574917,Type_C (F),14/11/2022,,,,,,
3322613,92574917,Type_C,14/11/2022,,,,,,104
3322613,92574917,Type_C (M),14/11/2022,,,,,,
3322613,92574917,Neighbour,14/11/2022,,104,,,,
3322613,92574917,Reality,14/11/2022,,,,,104,
3322613,92574917,Nepal,14/11/2022,104,,,,,
3322613,92574917,White,14/11/2022,,,104,,,
3322613,92574917,Bus,14/11/2022,,,,104,,
3322613,809759660,Nepal,14/11/2022,93,,,,,
3322613,809759660,Type_C (F),14/11/2022,,,,,,
3322613,809759660,Neighbour,14/11/2022,,93,,,,
3322613,809759660,Type_C,14/11/2022,,,,,,93
3322613,809759660,White,14/11/2022,,,93,,,
3322613,809759660,Reality,14/11/2022,,,,,93,
3322613,809759660,Bus,14/11/2022,,,,93,,
3322613,809759660,Type_C (M),14/11/2022,,,,,,
3322613,835417576,Type_C (M),14/11/2022,,,,,,
3322613,835417576,Type_C,14/11/2022,,,,,,103
3322613,835417576,Reality,14/11/2022,,,,,103,
3322613,835417576,White,14/11/2022,,,103,,,
3322613,835417576,Nepal,14/11/2022,103,,,,,
3322613,835417576,Neighbour,14/11/2022,,103,,,,
3322613,835417576,Type_C (F),14/11/2022,,,,,,
3322613,835417576,Bus,14/11/2022,,,,103,,
3322613,1014064375,Type_C (F),14/11/2022,,,,,,
3322613,1014064375,Type_C (M),14/11/2022,,,,,,
3322613,1014064375,Neighbour,14/11/2022,,95,,,,
3322613,1014064375,Bus,14/11/2022,,,,95,,
3322613,1014064375,Type_C,14/11/2022,,,,,,95
3322613,1014064375,Nepal,14/11/2022,95,,,,,
3322613,1014064375,Reality,14/11/2022,,,,,95,
3322613,1014064375,White,14/11/2022,,,95,,,
3322613,1014345208,Bus,14/11/2022,,,,92,,
3322613,1014345208,White,14/11/2022,,,92,,,
3322613,1014345208,Nepal,14/11/2022,92,,,,,
3322613,1014345208,Reality,14/11/2022,,,,,92,
3322613,1014345208,Type_C (F),14/11/2022,,,,,,
3322613,1014345208,Type_C (M),14/11/2022,,,,,,
3322613,1014345208,Type_C,14/11/2022,,,,,,92
3322613,1014345208,Neighbour,14/11/2022,,92,,,,
3322613,1085389923,Reality,14/11/2022,,,,,91,
3322613,1085389923,Neighbour,14/11/2022,,91,,,,
3322613,1085389923,Type_C (F),14/11/2022,,,,,,
3322613,1085389923,Bus,14/11/2022,,,,91,,
3322613,1085389923,White,14/11/2022,,,91,,,
3322613,1085389923,Type_C (M),14/11/2022,,,,,,
3322613,1085389923,Nepal,14/11/2022,91,,,,,
3322613,1085389923,Type_C,14/11/2022,,,,,,91
3322613,1212062720,Bus,14/11/2022,,,,92,,
3322613,1212062720,Nepal,14/11/2022,92,,,,,
3322613,1212062720,White,14/11/2022,,,92,,,
3322613,1212062720,Neighbour,14/11/2022,,92,,,,
3322613,1212062720,Type_C,14/11/2022,,,,,,92
3322613,1212062720,Type_C (F),14/11/2022,,,,,,
3322613,1212062720,Reality,14/11/2022,,,,,92,
3322613,1212062720,Type_C (M),14/11/2022,,,,,,
3322613,1212063940,Neighbour,14/11/2022,,72,,,,
3322613,1212063940,Type_C,14/11/2022,,,,,,72
3322613,1212063940,Nepal,14/11/2022,72,,,,,
3322613,1212063940,Reality,14/11/2022,,,,,72,
3322613,1212063940,Bus,14/11/2022,,,,72,,
3322613,1212063940,Type_C (M),14/11/2022,,,,,,
3322613,1212063940,Type_C (F),14/11/2022,,,,,,
3322613,1212063940,White,14/11/2022,,,72,,,
3322613,1212100361,Type_C (M),14/11/2022,,,,,,
3322613,1212100361,Neighbour,14/11/2022,,88,,,,
3322613,1212100361,Type_C (F),14/11/2022,,,,,,
3322613,1212100361,White,14/11/2022,,,88,,,
3322613,1212100361,Bus,14/11/2022,,,,88,,
3322613,1212100361,Type_C,14/11/2022,,,,,,88
3322613,1212100361,Reality,14/11/2022,,,,,88,
3322613,1212100361,Nepal,14/11/2022,88,,,,,
3322613,1212214990,Nepal,14/11/2022,93,,,,,
3322613,1212214990,Reality,14/11/2022,,,,,93,
3322613,1212214990,Neighbour,14/11/2022,,93,,,,
3322613,1212214990,Type_C (M),14/11/2022,,,,,,
3322613,1212214990,White,14/11/2022,,,93,,,
3322613,1212214990,Type_C,14/11/2022,,,,,,93
3322613,1212214990,Bus,14/11/2022,,,,93,,
3322613,1212214990,Type_C (F),14/11/2022,,,,,,
3322613,1212768809,Type_C (M),14/11/2022,,,,,,
3322613,1212768809,Neighbour,14/11/2022,,88,,,,
3322613,1212768809,Bus,14/11/2022,,,,88,,
3322613,1212768809,White,14/11/2022,,,88,,,
3322613,1212768809,Reality,14/11/2022,,,,,88,
3322613,1212768809,Type_C (F),14/11/2022,,,,,,
3322613,1212768809,Nepal,14/11/2022,88,,,,,
3322613,1212768809,Type_C,14/11/2022,,,,,,88
3322613,1213019819,Reality,14/11/2022,,,,,92,
3322613,1213019819,White,14/11/2022,,,92,,,
3322613,1213019819,Type_C (F),14/11/2022,,,,,,
3322613,1213019819,Nepal,14/11/2022,92,,,,,
3322613,1213019819,Bus,14/11/2022,,,,92,,
3322613,1213019819,Type_C,14/11/2022,,,,,,92
3322613,1213019819,Neighbour,14/11/2022,,92,,,,
3322613,1213019819,Type_C (M),14/11/2022,,,,,,
3322613,1214483716,Type_C,14/11/2022,,,,,,108
3322613,1214483716,Nepal,14/11/2022,108,,,,,
3322613,1214483716,White,14/11/2022,,,108,,,
3322613,1214483716,Type_C (F),14/11/2022,,,,,,
3322613,1214483716,Reality,14/11/2022,,,,,108,
3322613,1214483716,Bus,14/11/2022,,,,108,,
3322613,1214483716,Neighbour,14/11/2022,,108,,,,
3322613,1214483716,Type_C (M),14/11/2022,,,,,,
3322613,1214508407,Nepal,14/11/2022,80,,,,,
3322613,1214508407,Reality,14/11/2022,,,,,80,
3322613,1214508407,Neighbour,14/11/2022,,80,,,,
3322613,1214508407,Bus,14/11/2022,,,,80,,
3322613,1214508407,Type_C (M),14/11/2022,,,,,,
3322613,1214508407,Type_C (F),14/11/2022,,,,,,
3322613,1214508407,White,14/11/2022,,,80,,,
3322613,1214508407,Type_C,14/11/2022,,,,,,80
3322613,1214547662,Type_C (F),14/11/2022,,,,,,
3322613,1214547662,Bus,14/11/2022,,,,113,,
3322613,1214547662,Nepal,14/11/2022,113,,,,,
3322613,1214547662,Neighbour,14/11/2022,,113,,,,
3322613,1214547662,Reality,14/11/2022,,,,,113,
3322613,1214547662,Type_C (M),14/11/2022,,,,,,
3322613,1214547662,White,14/11/2022,,,113,,,
3322613,1214547662,Type_C,14/11/2022,,,,,,113
3322613,1214548025,Neighbour,14/11/2022,,102,,,,
3322613,1214548025,Bus,14/11/2022,,,,102,,
3322613,1214548025,Type_C (F),14/11/2022,,,,,,
3322613,1214548025,Type_C (M),14/11/2022,,,,,,
3322613,1214548025,Nepal,14/11/2022,102,,,,,
3322613,1214548025,Reality,14/11/2022,,,,,102,
3322613,1214548025,White,14/11/2022,,,102,,,
3322613,1214548025,Type_C,14/11/2022,,,,,,102
3322613,1214675216,Type_C,14/11/2022,,,,,,83
3322613,1214675216,Bus,14/11/2022,,,,83,,
3322613,1214675216,Type_C (M),14/11/2022,,,,,,
3322613,1214675216,Nepal,14/11/2022,83,,,,,
3322613,1214675216,Neighbour,14/11/2022,,83,,,,
3322613,1214675216,White,14/11/2022,,,83,,,
3322613,1214675216,Type_C (F),14/11/2022,,,,,,
3322613,1214675216,Reality,14/11/2022,,,,,83,
3322613,1214827797,Neighbour,14/11/2022,,108,,,,
3322613,1214827797,Nepal,14/11/2022,108,,,,,
3322613,1214827797,Type_C (F),14/11/2022,,,,,,
3322613,1214827797,Type_C,14/11/2022,,,,,,108
3322613,1214827797,White,14/11/2022,,,108,,,
3322613,1214827797,Reality,14/11/2022,,,,,108,
3322613,1214827797,Bus,14/11/2022,,,,108,,
3322613,1214827797,Type_C (M),14/11/2022,,,,,,
3322613,1214829708,Reality,14/11/2022,,,,,107,
3322613,1214829708,Type_C (M),14/11/2022,,,,,,
3322613,1214829708,Bus,14/11/2022,,,,107,,
3322613,1214829708,Type_C,14/11/2022,,,,,,107
3322613,1214829708,Nepal,14/11/2022,107,,,,,
3322613,1214829708,Neighbour,14/11/2022,,107,,,,
3322613,1214829708,White,14/11/2022,,,107,,,
3322613,1214829708,Type_C (F),14/11/2022,,,,,,
3322613,1214920759,Bus,14/11/2022,,,,76,,
3322613,1214920759,Type_C (M),14/11/2022,,,,,,
3322613,1214920759,Nepal,14/11/2022,76,,,,,
3322613,1214920759,Neighbour,14/11/2022,,76,,,,
3322613,1214920759,Type_C,14/11/2022,,,,,,76
3322613,1214920759,White,14/11/2022,,,76,,,
3322613,1214920759,Reality,14/11/2022,,,,,76,
3322613,1214920759,Type_C (F),14/11/2022,,,,,,
3322613,1215001007,White,14/11/2022,,,80,,,
3322613,1215001007,Reality,14/11/2022,,,,,80,
3322613,1215001007,Type_C (F),14/11/2022,,,,,,
3322613,1215001007,Bus,14/11/2022,,,,80,,
3322613,1215001007,Type_C (M),14/11/2022,,,,,,
3322613,1215001007,Nepal,14/11/2022,80,,,,,
3322613,1215001007,Type_C,14/11/2022,,,,,,80
3322613,1215001007,Neighbour,14/11/2022,,80,,,,
3322613,1215020544,Type_C (M),14/11/2022,,,,,,
3322613,1215020544,Bus,14/11/2022,,,,94,,
3322613,1215020544,Neighbour,14/11/2022,,94,,,,
3322613,1215020544,Reality,14/11/2022,,,,,94,
3322613,1215020544,Nepal,14/11/2022,94,,,,,
3322613,1215020544,Type_C (F),14/11/2022,,,,,,
3322613,1215020544,Type_C,14/11/2022,,,,,,94
3322613,1215020544,White,14/11/2022,,,94,,,
3322613,1215180669,Type_C,14/11/2022,,,,,,79
3322613,1215180669,Neighbour,14/11/2022,,79,,,,
3322613,1215180669,Type_C (M),14/11/2022,,,,,,
3322613,1215180669,Reality,14/11/2022,,,,,79,
3322613,1215180669,Bus,14/11/2022,,,,79,,
3322613,1215180669,White,14/11/2022,,,79,,,
3322613,1215180669,Nepal,14/11/2022,79,,,,,
3322613,1215180669,Type_C (F),14/11/2022,,,,,,
3322613,1215191233,Type_C (M),14/11/2022,,,,,,
3322613,1215191233,Neighbour,14/11/2022,,82,,,,
3322613,1215191233,Bus,14/11/2022,,,,82,,
3322613,1215191233,White,14/11/2022,,,82,,,
3322613,1215191233,Type_C,14/11/2022,,,,,,82
3322613,1215191233,Type_C (F),14/11/2022,,,,,,
3322613,1215191233,Reality,14/11/2022,,,,,82,
3322613,1215191233,Nepal,14/11/2022,82,,,,,
3322613,1215218306,White,14/11/2022,,,102,,,
3322613,1215218306,Reality,14/11/2022,,,,,102,
3322613,1215218306,Nepal,14/11/2022,102,,,,,
3322613,1215218306,Bus,14/11/2022,,,,102,,
3322613,1215218306,Type_C,14/11/2022,,,,,,102
3322613,1215218306,Type_C (M),14/11/2022,,,,,,
3322613,1215218306,Neighbour,14/11/2022,,102,,,,
3322613,1215218306,Type_C (F),14/11/2022,,,,,,
3322613,1215222346,Bus,14/11/2022,,,,101,,
3322613,1215222346,Nepal,14/11/2022,101,,,,,
3322613,1215222346,Type_C,14/11/2022,,,,,,101
3322613,1215222346,Neighbour,14/11/2022,,101,,,,
3322613,1215222346,Type_C (M),14/11/2022,,,,,,
3322613,1215222346,Reality,14/11/2022,,,,,101,
3322613,1215222346,White,14/11/2022,,,101,,,
3322613,1215222346,Type_C (F),14/11/2022,,,,,,
3322613,1215342041,Type_C (M),14/11/2022,,,,,,
3322613,1215342041,Bus,14/11/2022,,,,81,,
3322613,1215342041,Type_C,14/11/2022,,,,,,81
3322613,1215342041,Type_C (F),14/11/2022,,,,,,
3322613,1215342041,Reality,14/11/2022,,,,,81,
3322613,1215342041,White,14/11/2022,,,81,,,
3322613,1215342041,Nepal,14/11/2022,81,,,,,
3322613,1215342041,Neighbour,14/11/2022,,81,,,,
3322613,1215669340,Type_C (M),14/11/2022,,,,,,
3322613,1215669340,Type_C (F),14/11/2022,,,,,,
3322613,1215669340,Neighbour,14/11/2022,,97,,,,
3322613,1215669340,Type_C,14/11/2022,,,,,,97
3322613,1215669340,Bus,14/11/2022,,,,97,,
3322613,1215669340,Reality,14/11/2022,,,,,97,
3322613,1215669340,Nepal,14/11/2022,97,,,,,
3322613,1215669340,White,14/11/2022,,,97,,,
3322613,1239664063,Type_C (F),14/11/2022,,,,,,
3322613,1239664063,Neighbour,14/11/2022,,81,,,,
3322613,1239664063,Nepal,14/11/2022,81,,,,,
3322613,1239664063,White,14/11/2022,,,81,,,
3322613,1239664063,Type_C (M),14/11/2022,,,,,,
3322613,1239664063,Type_C,14/11/2022,,,,,,81
3322613,1239664063,Reality,14/11/2022,,,,,81,
3322613,1239664063,Bus,14/11/2022,,,,81,,
3322613,1347067786,Reality,14/11/2022,,,,,74,
3322613,1347067786,Type_C,14/11/2022,,,,,,74
3322613,1347067786,Type_C (M),14/11/2022,,,,,,
3322613,1347067786,White,14/11/2022,,,74,,,
3322613,1347067786,Bus,14/11/2022,,,,74,,
3322613,1347067786,Type_C (F),14/11/2022,,,,,,
3322613,1347067786,Neighbour,14/11/2022,,74,,,,
3322613,1347067786,Nepal,14/11/2022,74,,,,,
3322613,1367318084,White,14/11/2022,,,93,,,
3322613,1367318084,Type_C,14/11/2022,,,,,,93
3322613,1367318084,Neighbour,14/11/2022,,93,,,,
3322613,1367318084,Nepal,14/11/2022,93,,,,,
3322613,1367318084,Reality,14/11/2022,,,,,93,
3322613,1367318084,Type_C (F),14/11/2022,,,,,,
3322613,1367318084,Type_C (M),14/11/2022,,,,,,
3322613,1367318084,Bus,14/11/2022,,,,93,,
3322613,2149231854,Nepal,14/11/2022,107,,,,,
3322613,2149231854,Neighbour,14/11/2022,,107,,,,
3322613,2149231854,Reality,14/11/2022,,,,,107,
3322613,2149231854,Bus,14/11/2022,,,,107,,
3322613,2149231854,Type_C,14/11/2022,,,,,,107
3322613,2149231854,Type_C (M),14/11/2022,,,,,,
3322613,2149231854,Type_C (F),14/11/2022,,,,,,
3322613,2149231854,White,14/11/2022,,,107,,,
3322613,2189345333,Type_C (F),14/11/2022,,,,,,
3322613,2189345333,Reality,14/11/2022,,,,,86,
3322613,2189345333,Bus,14/11/2022,,,,86,,
3322613,2189345333,Type_C,14/11/2022,,,,,,86
3322613,2189345333,White,14/11/2022,,,86,,,
3322613,2189345333,Nepal,14/11/2022,86,,,,,
3322613,2189345333,Neighbour,14/11/2022,,86,,,,
3322613,2189345333,Type_C (M),14/11/2022,,,,,,
3322613,2195616999,Nepal,14/11/2022,104,,,,,
3322613,2195616999,Type_C (F),14/11/2022,,,,,,
3322613,2195616999,Type_C (M),14/11/2022,,,,,,
3322613,2195616999,White,14/11/2022,,,104,,,
3322613,2195616999,Reality,14/11/2022,,,,,104,
3322613,2195616999,Neighbour,14/11/2022,,104,,,,
3322613,2195616999,Type_C,14/11/2022,,,,,,104
3322613,2195616999,Bus,14/11/2022,,,,104,,
3322613,2244898860,Neighbour,14/11/2022,,104,,,,
3322613,2244898860,Type_C,14/11/2022,,,,,,104
3322613,2244898860,Reality,14/11/2022,,,,,104,
3322613,2244898860,Type_C (F),14/11/2022,,,,,,
3322613,2244898860,White,14/11/2022,,,104,,,
3322613,2244898860,Bus,14/11/2022,,,,104,,
3322613,2244898860,Type_C (M),14/11/2022,,,,,,
3322613,2244898860,Nepal,14/11/2022,104,,,,,
3322613,2251014267,Reality,14/11/2022,,,,,91,
3322613,2251014267,Type_C (M),14/11/2022,,,,,,
3322613,2251014267,Type_C,14/11/2022,,,,,,91
3322613,2251014267,Type_C (F),14/11/2022,,,,,,
3322613,2251014267,White,14/11/2022,,,91,,,
3322613,2251014267,Nepal,14/11/2022,91,,,,,
3322613,2251014267,Neighbour,14/11/2022,,91,,,,
3322613,2251014267,Bus,14/11/2022,,,,91,,
3322613,2261228543,Type_C (M),14/11/2022,,,,,,
3322613,2261228543,Type_C (F),14/11/2022,,,,,,
3322613,2261228543,Reality,14/11/2022,,,,,88,
3322613,2261228543,Neighbour,14/11/2022,,88,,,,
3322613,2261228543,Nepal,14/11/2022,88,,,,,
3322613,2261228543,Bus,14/11/2022,,,,88,,
3322613,2261228543,Type_C,14/11/2022,,,,,,88
3322613,2261228543,White,14/11/2022,,,88,,,
3322613,2281421188,Type_C,14/11/2022,,,,,,98
3322613,2281421188,Nepal,14/11/2022,98,,,,,
3322613,2281421188,Bus,14/11/2022,,,,98,,
3322613,2281421188,Neighbour,14/11/2022,,98,,,,
3322613,2281421188,Type_C (F),14/11/2022,,,,,,
3322613,2281421188,White,14/11/2022,,,98,,,
3322613,2281421188,Type_C (M),14/11/2022,,,,,,
3322613,2281421188,Reality,14/11/2022,,,,,98,
3322613,2291515976,White,14/11/2022,,,90,,,
3322613,2291515976,Neighbour,14/11/2022,,90,,,,
3322613,2291515976,Type_C (M),14/11/2022,,,,,,
3322613,2291515976,Nepal,14/11/2022,90,,,,,
3322613,2291515976,Bus,14/11/2022,,,,90,,
3322613,2291515976,Reality,14/11/2022,,,,,90,
3322613,2291515976,Type_C,14/11/2022,,,,,,90
3322613,2291515976,Type_C (F),14/11/2022,,,,,,
3322613,2296468361,Reality,14/11/2022,,,,,83,
3322613,2296468361,Bus,14/11/2022,,,,83,,
3322613,2296468361,White,14/11/2022,,,83,,,
3322613,2296468361,Type_C (M),14/11/2022,,,,,,
3322613,2296468361,Nepal,14/11/2022,83,,,,,
3322613,2296468361,Type_C (F),14/11/2022,,,,,,
3322613,2296468361,Type_C,14/11/2022,,,,,,83
3322613,2296468361,Neighbour,14/11/2022,,83,,,,
3262323,112030564,Neighbour,14/11/2022,,97,,,,
3262323,112030564,Type_C (F),14/11/2022,,,,,,
3262323,112030564,Reality,14/11/2022,,,,,97,
3262323,112030564,Type_C (M),14/11/2022,,,,,,
3262323,112030564,Bus,14/11/2022,,,,97,,
3262323,112030564,Type_C,14/11/2022,,,,,,97
3262323,375538764,Type_C (M),14/11/2022,,,,,,
3262323,375538764,Reality,14/11/2022,,,,,82,
3262323,375538764,Type_C,14/11/2022,,,,,,82
3262323,375538764,Neighbour,14/11/2022,,82,,,,
3262323,375538764,Bus,14/11/2022,,,,82,,
3262323,375538764,Type_C (F),14/11/2022,,,,,,
3262323,715397764,Type_C (M),14/11/2022,,,,,,
3262323,715397764,Type_C (F),14/11/2022,,,,,,
3262323,715397764,Neighbour,14/11/2022,,88,,,,
3262323,715397764,Bus,14/11/2022,,,,88,,
3262323,715397764,Type_C,14/11/2022,,,,,,88
3262323,715397764,Reality,14/11/2022,,,,,88,
3262323,848134288,Bus,14/11/2022,,,,95,,
3262323,848134288,Type_C (M),14/11/2022,,,,,,
3262323,848134288,Reality,14/11/2022,,,,,95,
3262323,848134288,Type_C (F),14/11/2022,,,,,,
3262323,848134288,Neighbour,14/11/2022,,95,,,,
3262323,848134288,Type_C,14/11/2022,,,,,,95
3262323,987775280,Neighbour,14/11/2022,,70,,,,
3262323,987775280,Reality,14/11/2022,,,,,70,
3262323,987775280,Bus,14/11/2022,,,,70,,
3262323,987775280,Type_C (F),14/11/2022,,,,,,
3262323,987775280,Type_C,14/11/2022,,,,,,70
3262323,987775280,Type_C (M),14/11/2022,,,,,,
3262323,1007885073,Type_C (M),14/11/2022,,,,,,
3262323,1007885073,Type_C,14/11/2022,,,,,,94
3262323,1007885073,Bus,14/11/2022,,,,94,,
3262323,1007885073,Type_C (F),14/11/2022,,,,,,
3262323,1007885073,Reality,14/11/2022,,,,,94,
3262323,1007885073,Neighbour,14/11/2022,,94,,,,
3262323,1211359619,Type_C,14/11/2022,,,,,,79
3262323,1211359619,Type_C (F),14/11/2022,,,,,,
3262323,1211359619,Bus,14/11/2022,,,,79,,
3262323,1211359619,Type_C (M),14/11/2022,,,,,,
3262323,1211359619,Neighbour,14/11/2022,,79,,,,
3262323,1211359619,Reality,14/11/2022,,,,,79,
3262323,1212088467,Type_C (M),14/11/2022,,,,,,
3262323,1212088467,Type_C (F),14/11/2022,,,,,,
3262323,1212088467,Neighbour,14/11/2022,,94,,,,
3262323,1212088467,Bus,14/11/2022,,,,94,,
3262323,1212088467,Reality,14/11/2022,,,,,94,
3262323,1212088467,Type_C,14/11/2022,,,,,,94
3262323,1212122708,Neighbour,14/11/2022,,105,,,,
3262323,1212122708,Type_C,14/11/2022,,,,,,105
3262323,1212122708,Type_C (M),14/11/2022,,,,,,
3262323,1212122708,Bus,14/11/2022,,,,105,,
3262323,1212122708,Reality,14/11/2022,,,,,105,
3262323,1212122708,Type_C (F),14/11/2022,,,,,,
3262323,1214491759,Reality,14/11/2022,,,,,90,
3262323,1214491759,Bus,14/11/2022,,,,90,,
3262323,1214491759,Type_C (F),14/11/2022,,,,,,
3262323,1214491759,Type_C (M),14/11/2022,,,,,,
3262323,1214491759,Type_C,14/11/2022,,,,,,90
3262323,1214491759,Neighbour,14/11/2022,,90,,,,
3262323,1214837477,Type_C,14/11/2022,,,,,,95
3262323,1214837477,Neighbour,14/11/2022,,95,,,,
3262323,1214837477,Bus,14/11/2022,,,,95,,
3262323,1214837477,Type_C (M),14/11/2022,,,,,,
3262323,1214837477,Reality,14/11/2022,,,,,95,
3262323,1214837477,Type_C (F),14/11/2022,,,,,,
3262323,1214854980,Type_C,14/11/2022,,,,,,100
3262323,1214854980,Type_C (F),14/11/2022,,,,,,
3262323,1214854980,Reality,14/11/2022,,,,,100,
3262323,1214854980,Bus,14/11/2022,,,,100,,
3262323,1214854980,Type_C (M),14/11/2022,,,,,,
3262323,1214854980,Neighbour,14/11/2022,,100,,,,
3262323,1214877601,Type_C,14/11/2022,,,,,,85
3262323,1214877601,Type_C (F),14/11/2022,,,,,,
3262323,1214877601,Type_C (M),14/11/2022,,,,,,
3262323,1214877601,Neighbour,14/11/2022,,85,,,,
3262323,1214877601,Reality,14/11/2022,,,,,85,
3262323,1214877601,Bus,14/11/2022,,,,85,,
3262323,1214983133,Type_C (F),14/11/2022,,,,,,
3262323,1214983133,Bus,14/11/2022,,,,83,,
3262323,1214983133,Neighbour,14/11/2022,,83,,,,
3262323,1214983133,Type_C (M),14/11/2022,,,,,,
3262323,1214983133,Type_C,14/11/2022,,,,,,83
3262323,1214983133,Reality,14/11/2022,,,,,83,
3262323,1215727016,Type_C (F),14/11/2022,,,,,,
3262323,1215727016,Bus,14/11/2022,,,,92,,
3262323,1215727016,Type_C (M),14/11/2022,,,,,,
3262323,1215727016,Type_C,14/11/2022,,,,,,92
3262323,1215727016,Neighbour,14/11/2022,,92,,,,
3262323,1215727016,Reality,14/11/2022,,,,,92,
3262323,1247202104,Bus,14/11/2022,,,,94,,
3262323,1247202104,Reality,14/11/2022,,,,,94,
3262323,1247202104,Type_C (M),14/11/2022,,,,,,
3262323,1247202104,Type_C,14/11/2022,,,,,,94
3262323,1247202104,Type_C (F),14/11/2022,,,,,,
3262323,1247202104,Neighbour,14/11/2022,,94,,,,
3262323,1307127371,Type_C (F),14/11/2022,,,,,,
3262323,1307127371,Neighbour,14/11/2022,,72,,,,
3262323,1307127371,Reality,14/11/2022,,,,,72,
3262323,1307127371,Bus,14/11/2022,,,,72,,
3262323,1307127371,Type_C (M),14/11/2022,,,,,,
3262323,1307127371,Type_C,14/11/2022,,,,,,72
3262323,2204833027,Type_C (M),14/11/2022,,,,,,
3262323,2204833027,Neighbour,14/11/2022,,108,,,,
3262323,2204833027,Type_C (F),14/11/2022,,,,,,
3262323,2204833027,Bus,14/11/2022,,,,108,,
3262323,2204833027,Type_C,14/11/2022,,,,,,108
3262323,2204833027,Reality,14/11/2022,,,,,108,
3262323,2229994134,Reality,14/11/2022,,,,,88,
3262323,2229994134,Type_C (F),14/11/2022,,,,,,
3262323,2229994134,Type_C,14/11/2022,,,,,,88
3262323,2229994134,Neighbour,14/11/2022,,88,,,,
3262323,2229994134,Bus,14/11/2022,,,,88,,
3262323,2229994134,Type_C (M),14/11/2022,,,,,,
3262323,2230697383,Type_C (F),14/11/2022,,,,,,
3262323,2230697383,Bus,14/11/2022,,,,96,,
3262323,2230697383,Type_C,14/11/2022,,,,,,96
3262323,2230697383,Reality,14/11/2022,,,,,96,
3262323,2230697383,Type_C (M),14/11/2022,,,,,,
3262323,2230697383,Neighbour,14/11/2022,,96,,,,
3262323,2238850469,Reality,14/11/2022,,,,,94,
3262323,2238850469,Neighbour,14/11/2022,,94,,,,
3262323,2238850469,Bus,14/11/2022,,,,94,,
3262323,2238850469,Type_C (M),14/11/2022,,,,,,
3262323,2238850469,Type_C,14/11/2022,,,,,,94
3262323,2238850469,Type_C (F),14/11/2022,,,,,,
3262323,2238852222,Type_C,14/11/2022,,,,,,97
3262323,2238852222,Bus,14/11/2022,,,,97,,
3262323,2238852222,Type_C (F),14/11/2022,,,,,,
3262323,2238852222,Reality,14/11/2022,,,,,97,
3262323,2238852222,Type_C (M),14/11/2022,,,,,,
3262323,2238852222,Neighbour,14/11/2022,,97,,,,
3262323,2242532304,Neighbour,14/11/2022,,62,,,,
3262323,2242532304,Reality,14/11/2022,,,,,62,
3262323,2242532304,Type_C (M),14/11/2022,,,,,,
3262323,2242532304,Bus,14/11/2022,,,,62,,
3262323,2242532304,Type_C (F),14/11/2022,,,,,,
3262323,2242532304,Type_C,14/11/2022,,,,,,62
3262323,2243410429,Type_C (M),14/11/2022,,,,,,
3262323,2243410429,Reality,14/11/2022,,,,,104,
3262323,2243410429,Type_C,14/11/2022,,,,,,104
3262323,2243410429,Neighbour,14/11/2022,,104,,,,
3262323,2243410429,Bus,14/11/2022,,,,104,,
3262323,2243410429,Type_C (F),14/11/2022,,,,,,
3262323,2245073497,Reality,14/11/2022,,,,,86,
3262323,2245073497,Bus,14/11/2022,,,,86,,
3262323,2245073497,Type_C (M),14/11/2022,,,,,,
3262323,2245073497,Neighbour,14/11/2022,,86,,,,
3262323,2245073497,Type_C,14/11/2022,,,,,,86
3262323,2245073497,Type_C (F),14/11/2022,,,,,,
3262323,2250255881,Reality,14/11/2022,,,,,62,
3262323,2250255881,Bus,14/11/2022,,,,62,,
3262323,2250255881,Type_C (F),14/11/2022,,,,,,
3262323,2250255881,Type_C (M),14/11/2022,,,,,,
3262323,2250255881,Type_C,14/11/2022,,,,,,62
3262323,2250255881,Neighbour,14/11/2022,,62,,,,
3262323,2252449342,Type_C (F),14/11/2022,,,,,,
3262323,2252449342,Bus,14/11/2022,,,,67,,
3262323,2252449342,Type_C (M),14/11/2022,,,,,,
3262323,2252449342,Neighbour,14/11/2022,,67,,,,
3262323,2252449342,Type_C,14/11/2022,,,,,,67
3262323,2252449342,Reality,14/11/2022,,,,,67,
3262323,2257180256,Bus,14/11/2022,,,,76,,
3262323,2257180256,Reality,14/11/2022,,,,,76,
3262323,2257180256,Type_C (F),14/11/2022,,,,,,
3262323,2257180256,Type_C (M),14/11/2022,,,,,,
3262323,2257180256,Neighbour,14/11/2022,,76,,,,
3262323,2257180256,Type_C,14/11/2022,,,,,,76
3262323,2267615098,Type_C,14/11/2022,,,,,,80
3262323,2267615098,Bus,14/11/2022,,,,80,,
3262323,2267615098,Reality,14/11/2022,,,,,80,
3262323,2267615098,Type_C (M),14/11/2022,,,,,,
3262323,2267615098,Neighbour,14/11/2022,,80,,,,
3262323,2267615098,Type_C (F),14/11/2022,,,,,,
3262323,2274253816,Type_C (M),14/11/2022,,,,,,
3262323,2274253816,Bus,14/11/2022,,,,84,,
3262323,2274253816,Neighbour,14/11/2022,,84,,,,
3262323,2274253816,Reality,14/11/2022,,,,,84,
3262323,2274253816,Type_C (F),14/11/2022,,,,,,
3262323,2274253816,Type_C,14/11/2022,,,,,,84
3262323,2282765388,Type_C,14/11/2022,,,,,,100
3262323,2282765388,Bus,14/11/2022,,,,100,,
3262323,2282765388,Neighbour,14/11/2022,,100,,,,
3262323,2282765388,Type_C (M),14/11/2022,,,,,,
3262323,2282765388,Type_C (F),14/11/2022,,,,,,
3262323,2282765388,Reality,14/11/2022,,,,,100,
3262323,2282979564,Type_C (F),14/11/2022,,,,,,
3262323,2282979564,Type_C,14/11/2022,,,,,,80
3262323,2282979564,Reality,14/11/2022,,,,,80,
3262323,2282979564,Type_C (M),14/11/2022,,,,,,
3262323,2282979564,Bus,14/11/2022,,,,80,,
3262323,2282979564,Neighbour,14/11/2022,,80,,,,
3262323,2296488544,Type_C (F),14/11/2022,,,,,,
3262323,2296488544,Type_C,14/11/2022,,,,,,92
3262323,2296488544,Bus,14/11/2022,,,,92,,
3262323,2296488544,Reality,14/11/2022,,,,,92,
3262323,2296488544,Neighbour,14/11/2022,,92,,,,
3262323,2296488544,Type_C (M),14/11/2022,,,,,,
3262323,2299618317,Type_C,14/11/2022,,,,,,90
3262323,2299618317,Type_C (M),14/11/2022,,,,,,
3262323,2299618317,Neighbour,14/11/2022,,90,,,,
3262323,2299618317,Reality,14/11/2022,,,,,90,
3262323,2299618317,Bus,14/11/2022,,,,90,,
3262323,2299618317,Type_C (F),14/11/2022,,,,,,
3262323,2299676849,Neighbour,14/11/2022,,102,,,,
3262323,2299676849,Type_C (F),14/11/2022,,,,,,
3262323,2299676849,Type_C,14/11/2022,,,,,,102
3262323,2299676849,Reality,14/11/2022,,,,,102,
3262323,2299676849,Type_C (M),14/11/2022,,,,,,
3262323,2299676849,Bus,14/11/2022,,,,102,,
3262323,2299703014,Type_C,14/11/2022,,,,,,98
3262323,2299703014,Bus,14/11/2022,,,,98,,
3262323,2299703014,Type_C (F),14/11/2022,,,,,,
3262323,2299703014,Reality,14/11/2022,,,,,98,
3262323,2299703014,Type_C (M),14/11/2022,,,,,,
3262323,2299703014,Neighbour,14/11/2022,,98,,,,
3262323,2299703759,Reality,14/11/2022,,,,,77,
3262323,2299703759,Bus,14/11/2022,,,,77,,
3262323,2299703759,Type_C,14/11/2022,,,,,,77
3262323,2299703759,Type_C (M),14/11/2022,,,,,,
3262323,2299703759,Neighbour,14/11/2022,,77,,,,
3262323,2299703759,Type_C (F),14/11/2022,,,,,,
3262323,2299848396,Type_C,14/11/2022,,,,,,73
3262323,2299848396,Type_C (M),14/11/2022,,,,,,
3262323,2299848396,Neighbour,14/11/2022,,73,,,,
3262323,2299848396,Type_C (F),14/11/2022,,,,,,
3262323,2299848396,Bus,14/11/2022,,,,73,,
3262323,2299848396,Reality,14/11/2022,,,,,73,
3262323,2299849927,Neighbour,14/11/2022,,70,,,,
3262323,2299849927,Type_C (F),14/11/2022,,,,,,
3262323,2299849927,Type_C,14/11/2022,,,,,,70
3262323,2299849927,Type_C (M),14/11/2022,,,,,,
3262323,2299849927,Reality,14/11/2022,,,,,70,
3262323,2299849927,Bus,14/11/2022,,,,70,,
3262323,2299851175,Type_C (F),14/11/2022,,,,,,
3262323,2299851175,Type_C (M),14/11/2022,,,,,,
3262323,2299851175,Type_C,14/11/2022,,,,,,55
3262323,2299851175,Bus,14/11/2022,,,,55,,
3262323,2299851175,Reality,14/11/2022,,,,,55,
3262323,2299851175,Neighbour,14/11/2022,,55,,,,
3322798,84863640,Neighbour,14/11/2022,,73,,,,
3322798,84863640,Reality,14/11/2022,,,,,73,
3322798,84863640,Nepal,14/11/2022,73,,,,,
3322798,84863640,Asian,14/11/2022,,,,,,
3322798,84863640,Type_C,14/11/2022,,,,,,73
3322798,84863640,Bus,14/11/2022,,,,73,,
3322798,84863640,White,14/11/2022,,,73,,,
3322798,84865757,Type_C,14/11/2022,,,,,,88
3322798,84865757,Reality,14/11/2022,,,,,88,
3322798,84865757,Bus,14/11/2022,,,,88,,
3322798,84865757,Nepal,14/11/2022,88,,,,,
3322798,84865757,Asian,14/11/2022,,,,,,
3322798,84865757,White,14/11/2022,,,88,,,
3322798,84865757,Neighbour,14/11/2022,,88,,,,
3322798,84879771,Nepal,14/11/2022,90,,,,,
3322798,84879771,Asian,14/11/2022,,,,,,
3322798,84879771,Neighbour,14/11/2022,,90,,,,
3322798,84879771,Bus,14/11/2022,,,,90,,
3322798,84879771,Reality,14/11/2022,,,,,90,
3322798,84879771,White,14/11/2022,,,90,,,
3322798,84879771,Type_C,14/11/2022,,,,,,90
3322798,84921270,White,14/11/2022,,,82,,,
3322798,84921270,Bus,14/11/2022,,,,82,,
3322798,84921270,Neighbour,14/11/2022,,82,,,,
3322798,84921270,Asian,14/11/2022,,,,,,
3322798,84921270,Type_C,14/11/2022,,,,,,82
3322798,84921270,Nepal,14/11/2022,82,,,,,
3322798,84921270,Reality,14/11/2022,,,,,82,
3322798,85795421,Type_C,14/11/2022,,,,,,91
3322798,85795421,Bus,14/11/2022,,,,91,,
3322798,85795421,White,14/11/2022,,,91,,,
3322798,85795421,Reality,14/11/2022,,,,,91,
3322798,85795421,Neighbour,14/11/2022,,91,,,,
3322798,85795421,Nepal,14/11/2022,91,,,,,
3322798,85795421,Asian,14/11/2022,,,,,,
3322798,85816609,Neighbour,14/11/2022,,88,,,,
3322798,85816609,Asian,14/11/2022,,,,,,
3322798,85816609,Bus,14/11/2022,,,,88,,
3322798,85816609,Type_C,14/11/2022,,,,,,88
3322798,85816609,Nepal,14/11/2022,88,,,,,
3322798,85816609,White,14/11/2022,,,88,,,
3322798,85816609,Reality,14/11/2022,,,,,88,
3322798,86750754,Asian,14/11/2022,,,,,,
3322798,86750754,Nepal,14/11/2022,50,,,,,
3322798,86750754,Bus,14/11/2022,,,,50,,
3322798,86750754,Neighbour,14/11/2022,,50,,,,
3322798,86750754,Reality,14/11/2022,,,,,50,
3322798,86750754,White,14/11/2022,,,50,,,
3322798,86750754,Type_C,14/11/2022,,,,,,50
3322798,88429863,White,14/11/2022,,,82,,,
3322798,88429863,Neighbour,14/11/2022,,82,,,,
3322798,88429863,Reality,14/11/2022,,,,,82,
3322798,88429863,Type_C,14/11/2022,,,,,,82
3322798,88429863,Nepal,14/11/2022,82,,,,,
3322798,88429863,Asian,14/11/2022,,,,,,
3322798,88429863,Bus,14/11/2022,,,,82,,
3322798,89994782,Type_C,14/11/2022,,,,,,91
3322798,89994782,Nepal,14/11/2022,91,,,,,
3322798,89994782,Reality,14/11/2022,,,,,91,
3322798,89994782,Bus,14/11/2022,,,,91,,
3322798,89994782,Neighbour,14/11/2022,,91,,,,
3322798,89994782,Asian,14/11/2022,,,,,,
3322798,89994782,White,14/11/2022,,,91,,,
3322798,91350860,Nepal,14/11/2022,88,,,,,
3322798,91350860,Bus,14/11/2022,,,,88,,
3322798,91350860,White,14/11/2022,,,88,,,
3322798,91350860,Asian,14/11/2022,,,,,,
3322798,91350860,Reality,14/11/2022,,,,,88,
3322798,91350860,Type_C,14/11/2022,,,,,,88
3322798,91350860,Neighbour,14/11/2022,,88,,,,
3322798,92609280,Bus,14/11/2022,,,,38,,
3322798,92609280,Type_C,14/11/2022,,,,,,38
3322798,92609280,Nepal,14/11/2022,38,,,,,
3322798,92609280,Asian,14/11/2022,,,,,,
3322798,92609280,Reality,14/11/2022,,,,,38,
3322798,92609280,White,14/11/2022,,,38,,,
3322798,92609280,Neighbour,14/11/2022,,38,,,,
3322798,92846041,Type_C,14/11/2022,,,,,,69
3322798,92846041,Reality,14/11/2022,,,,,69,
3322798,92846041,Asian,14/11/2022,,,,,,
3322798,92846041,Bus,14/11/2022,,,,69,,
3322798,92846041,Nepal,14/11/2022,69,,,,,
3322798,92846041,White,14/11/2022,,,69,,,
3322798,92846041,Neighbour,14/11/2022,,69,,,,
3322798,112030564,Reality,14/11/2022,,,,,73,
3322798,112030564,Neighbour,14/11/2022,,73,,,,
3322798,112030564,Type_C,14/11/2022,,,,,,73
3322798,112030564,Nepal,14/11/2022,73,,,,,
3322798,112030564,White,14/11/2022,,,73,,,
3322798,112030564,Bus,14/11/2022,,,,73,,
3322798,112030564,Asian,14/11/2022,,,,,,
3322798,290032715,Nepal,14/11/2022,74,,,,,
3322798,290032715,Neighbour,14/11/2022,,74,,,,
3322798,290032715,Reality,14/11/2022,,,,,74,
3322798,290032715,Bus,14/11/2022,,,,74,,
3322798,290032715,Type_C,14/11/2022,,,,,,74
3322798,290032715,White,14/11/2022,,,74,,,
3322798,290032715,Asian,14/11/2022,,,,,,
3322798,931550947,Type_C,14/11/2022,,,,,,88
3322798,931550947,Asian,14/11/2022,,,,,,
3322798,931550947,Reality,14/11/2022,,,,,88,
3322798,931550947,Nepal,14/11/2022,88,,,,,
3322798,931550947,Neighbour,14/11/2022,,88,,,,
3322798,931550947,White,14/11/2022,,,88,,,
3322798,931550947,Bus,14/11/2022,,,,88,,
3322798,1057894379,Reality,14/11/2022,,,,,83,
3322798,1057894379,Neighbour,14/11/2022,,83,,,,
3322798,1057894379,Bus,14/11/2022,,,,83,,
3322798,1057894379,White,14/11/2022,,,83,,,
3322798,1057894379,Asian,14/11/2022,,,,,,
3322798,1057894379,Nepal,14/11/2022,83,,,,,
3322798,1057894379,Type_C,14/11/2022,,,,,,83
3322798,1067973990,Nepal,14/11/2022,71,,,,,
3322798,1067973990,Reality,14/11/2022,,,,,71,
3322798,1067973990,White,14/11/2022,,,71,,,
3322798,1067973990,Asian,14/11/2022,,,,,,
3322798,1067973990,Bus,14/11/2022,,,,71,,
3322798,1067973990,Neighbour,14/11/2022,,71,,,,
3322798,1067973990,Type_C,14/11/2022,,,,,,71
3322798,1212147612,Asian,14/11/2022,,,,,,
3322798,1212147612,Type_C,14/11/2022,,,,,,89
3322798,1212147612,Neighbour,14/11/2022,,89,,,,
3322798,1212147612,Bus,14/11/2022,,,,89,,
3322798,1212147612,Reality,14/11/2022,,,,,89,
3322798,1212147612,White,14/11/2022,,,89,,,
3322798,1212147612,Nepal,14/11/2022,89,,,,,
3322798,1214555123,Bus,14/11/2022,,,,108,,
3322798,1214555123,Neighbour,14/11/2022,,108,,,,
3322798,1214555123,Nepal,14/11/2022,108,,,,,
3322798,1214555123,Type_C,14/11/2022,,,,,,108
3322798,1214555123,Asian,14/11/2022,,,,,,
3322798,1214555123,White,14/11/2022,,,108,,,
3322798,1214555123,Reality,14/11/2022,,,,,108,
3322798,1214939482,Reality,14/11/2022,,,,,77,
3322798,1214939482,Asian,14/11/2022,,,,,,
3322798,1214939482,Bus,14/11/2022,,,,77,,
3322798,1214939482,Type_C,14/11/2022,,,,,,77
3322798,1214939482,Nepal,14/11/2022,77,,,,,
3322798,1214939482,Neighbour,14/11/2022,,77,,,,
3322798,1214939482,White,14/11/2022,,,77,,,
3322798,1214963880,White,14/11/2022,,,77,,,
3322798,1214963880,Neighbour,14/11/2022,,77,,,,
3322798,1214963880,Type_C,14/11/2022,,,,,,77
3322798,1214963880,Bus,14/11/2022,,,,77,,
3322798,1214963880,Asian,14/11/2022,,,,,,
3322798,1214963880,Nepal,14/11/2022,77,,,,,
3322798,1214963880,Reality,14/11/2022,,,,,77,
3322798,1215195611,Type_C,14/11/2022,,,,,,82
3322798,1215195611,Neighbour,14/11/2022,,82,,,,
3322798,1215195611,Reality,14/11/2022,,,,,82,
3322798,1215195611,White,14/11/2022,,,82,,,
3322798,1215195611,Bus,14/11/2022,,,,82,,
3322798,1215195611,Nepal,14/11/2022,82,,,,,
3322798,1215195611,Asian,14/11/2022,,,,,,
3322798,1215542087,Neighbour,14/11/2022,,88,,,,
3322798,1215542087,Bus,14/11/2022,,,,88,,
3322798,1215542087,Nepal,14/11/2022,88,,,,,
3322798,1215542087,Type_C,14/11/2022,,,,,,88
3322798,1215542087,Reality,14/11/2022,,,,,88,
3322798,1215542087,White,14/11/2022,,,88,,,
3322798,1215542087,Asian,14/11/2022,,,,,,
3322798,1215547386,Reality,14/11/2022,,,,,86,
3322798,1215547386,Asian,14/11/2022,,,,,,
3322798,1215547386,Bus,14/11/2022,,,,86,,
3322798,1215547386,Nepal,14/11/2022,86,,,,,
3322798,1215547386,White,14/11/2022,,,86,,,
3322798,1215547386,Neighbour,14/11/2022,,86,,,,
3322798,1215547386,Type_C,14/11/2022,,,,,,86
3322798,1215567265,Nepal,14/11/2022,102,,,,,
3322798,1215567265,Neighbour,14/11/2022,,102,,,,
3322798,1215567265,Bus,14/11/2022,,,,102,,
3322798,1215567265,Type_C,14/11/2022,,,,,,102
3322798,1215567265,Asian,14/11/2022,,,,,,
3322798,1215567265,White,14/11/2022,,,102,,,
3322798,1215567265,Reality,14/11/2022,,,,,102,
3322798,1215703816,Type_C,14/11/2022,,,,,,47
3322798,1215703816,Asian,14/11/2022,,,,,,
3322798,1215703816,Reality,14/11/2022,,,,,47,
3322798,1215703816,Bus,14/11/2022,,,,47,,
3322798,1215703816,White,14/11/2022,,,47,,,
3322798,1215703816,Neighbour,14/11/2022,,47,,,,
3322798,1215703816,Nepal,14/11/2022,47,,,,,
3322798,1215867869,Asian,14/11/2022,,,,,,
3322798,1215867869,Reality,14/11/2022,,,,,79,
3322798,1215867869,Bus,14/11/2022,,,,79,,
3322798,1215867869,Neighbour,14/11/2022,,79,,,,
3322798,1215867869,White,14/11/2022,,,79,,,
3322798,1215867869,Type_C,14/11/2022,,,,,,79
3322798,1215867869,Nepal,14/11/2022,79,,,,,
3322798,1289835463,Neighbour,14/11/2022,,91,,,,
3322798,1289835463,Type_C,14/11/2022,,,,,,91
3322798,1289835463,White,14/11/2022,,,91,,,
3322798,1289835463,Nepal,14/11/2022,91,,,,,
3322798,1289835463,Bus,14/11/2022,,,,91,,
3322798,1289835463,Asian,14/11/2022,,,,,,
3322798,1289835463,Reality,14/11/2022,,,,,91,
3322798,2173526714,Reality,14/11/2022,,,,,87,
3322798,2173526714,Asian,14/11/2022,,,,,,
3322798,2173526714,Nepal,14/11/2022,87,,,,,
3322798,2173526714,Neighbour,14/11/2022,,87,,,,
3322798,2173526714,Type_C,14/11/2022,,,,,,87
3322798,2173526714,White,14/11/2022,,,87,,,
3322798,2173526714,Bus,14/11/2022,,,,87,,
3322798,2197663346,Bus,14/11/2022,,,,82,,
3322798,2197663346,Type_C,14/11/2022,,,,,,82
3322798,2197663346,Nepal,14/11/2022,82,,,,,
3322798,2197663346,White,14/11/2022,,,82,,,
3322798,2197663346,Asian,14/11/2022,,,,,,
3322798,2197663346,Reality,14/11/2022,,,,,82,
3322798,2197663346,Neighbour,14/11/2022,,82,,,,
3322798,2212983728,Type_C,14/11/2022,,,,,,70
3322798,2212983728,White,14/11/2022,,,70,,,
3322798,2212983728,Bus,14/11/2022,,,,70,,
3322798,2212983728,Neighbour,14/11/2022,,70,,,,
3322798,2212983728,Reality,14/11/2022,,,,,70,
3322798,2212983728,Nepal,14/11/2022,70,,,,,
3322798,2212983728,Asian,14/11/2022,,,,,,
3322798,2236631131,Type_C,14/11/2022,,,,,,64
3322798,2236631131,Reality,14/11/2022,,,,,64,
3322798,2236631131,Bus,14/11/2022,,,,64,,
3322798,2236631131,White,14/11/2022,,,64,,,
3322798,2236631131,Asian,14/11/2022,,,,,,
3322798,2236631131,Nepal,14/11/2022,64,,,,,
3322798,2236631131,Neighbour,14/11/2022,,64,,,,
3322798,2253391287,Bus,14/11/2022,,,,68,,
3322798,2253391287,Neighbour,14/11/2022,,68,,,,
3322798,2253391287,Asian,14/11/2022,,,,,,
3322798,2253391287,White,14/11/2022,,,68,,,
3322798,2253391287,Reality,14/11/2022,,,,,68,
3322798,2253391287,Type_C,14/11/2022,,,,,,68
3322798,2253391287,Nepal,14/11/2022,68,,,,,
3322798,2253642927,Asian,14/11/2022,,,,,,
3322798,2253642927,Reality,14/11/2022,,,,,50,
3322798,2253642927,White,14/11/2022,,,50,,,
3322798,2253642927,Bus,14/11/2022,,,,50,,
3322798,2253642927,Neighbour,14/11/2022,,50,,,,
3322798,2253642927,Nepal,14/11/2022,50,,,,,
3322798,2253642927,Type_C,14/11/2022,,,,,,50
3322798,2267615098,White,14/11/2022,,,89,,,
3322798,2267615098,Nepal,14/11/2022,89,,,,,
3322798,2267615098,Bus,14/11/2022,,,,89,,
3322798,2267615098,Asian,14/11/2022,,,,,,
3322798,2267615098,Neighbour,14/11/2022,,89,,,,
3322798,2267615098,Reality,14/11/2022,,,,,89,
3322798,2267615098,Type_C,14/11/2022,,,,,,89
3322798,2296488544,Bus,14/11/2022,,,,80,,
3322798,2296488544,Nepal,14/11/2022,80,,,,,
3322798,2296488544,Asian,14/11/2022,,,,,,
3322798,2296488544,White,14/11/2022,,,80,,,
3322798,2296488544,Reality,14/11/2022,,,,,80,
3322798,2296488544,Neighbour,14/11/2022,,80,,,,
3322798,2296488544,Type_C,14/11/2022,,,,,,80
3322798,2299703759,Nepal,14/11/2022,76,,,,,
3322798,2299703759,Asian,14/11/2022,,,,,,
3322798,2299703759,Bus,14/11/2022,,,,76,,
3322798,2299703759,White,14/11/2022,,,76,,,
3322798,2299703759,Neighbour,14/11/2022,,76,,,,
3322798,2299703759,Type_C,14/11/2022,,,,,,76
3322798,2299703759,Reality,14/11/2022,,,,,76,
3322798,2299850656,Type_C,14/11/2022,,,,,,62
3322798,2299850656,Nepal,14/11/2022,62,,,,,
3322798,2299850656,Reality,14/11/2022,,,,,62,
3322798,2299850656,Asian,14/11/2022,,,,,,
3322798,2299850656,White,14/11/2022,,,62,,,
3322798,2299850656,Neighbour,14/11/2022,,62,,,,
3322798,2299850656,Bus,14/11/2022,,,,62,,
3322798,2299863743,White,14/11/2022,,,73,,,
3322798,2299863743,Type_C,14/11/2022,,,,,,73
3322798,2299863743,Neighbour,14/11/2022,,73,,,,
3322798,2299863743,Nepal,14/11/2022,73,,,,,
3322798,2299863743,Bus,14/11/2022,,,,73,,
3322798,2299863743,Reality,14/11/2022,,,,,73,
3322798,2299863743,Asian,14/11/2022,,,,,,
3322798,2299867765,Nepal,14/11/2022,61,,,,,
3322798,2299867765,White,14/11/2022,,,61,,,
3322798,2299867765,Neighbour,14/11/2022,,61,,,,
3322798,2299867765,Asian,14/11/2022,,,,,,
3322798,2299867765,Type_C,14/11/2022,,,,,,61
3322798,2299867765,Bus,14/11/2022,,,,61,,
3322798,2299867765,Reality,14/11/2022,,,,,61,
3322798,2300232536,White,14/11/2022,,,77,,,
3322798,2300232536,Nepal,14/11/2022,77,,,,,
3322798,2300232536,Neighbour,14/11/2022,,77,,,,
3322798,2300232536,Type_C,14/11/2022,,,,,,77
3322798,2300232536,Asian,14/11/2022,,,,,,
3322798,2300232536,Bus,14/11/2022,,,,77,,
3322798,2300232536,Reality,14/11/2022,,,,,77,
3322798,2312173537,Type_C,14/11/2022,,,,,,58
3322798,2312173537,Neighbour,14/11/2022,,58,,,,
3322798,2312173537,White,14/11/2022,,,58,,,
3322798,2312173537,Reality,14/11/2022,,,,,58,
3322798,2312173537,Nepal,14/11/2022,58,,,,,
3322798,2312173537,Bus,14/11/2022,,,,58,,
3322798,2312173537,Asian,14/11/2022,,,,,,
3313287,84846072,Type_C,14/11/2022,,,,,,96
3313287,84846072,Reality,14/11/2022,,,,,96,
3313287,84846072,White,14/11/2022,,,96,,,
3313287,84846072,Nepal,14/11/2022,96,,,,,
3313287,84846072,Type_C (F),14/11/2022,,,,,,
3313287,84846072,Bus,14/11/2022,,,,96,,
3313287,84846072,Type_C (M),14/11/2022,,,,,,
3313287,84846072,Neighbour,14/11/2022,,96,,,,
3313287,84850445,Type_C (F),14/11/2022,,,,,,
3313287,84850445,Bus,14/11/2022,,,,72,,
3313287,84850445,Type_C (M),14/11/2022,,,,,,
3313287,84850445,Reality,14/11/2022,,,,,72,
3313287,84850445,Type_C,14/11/2022,,,,,,72
3313287,84850445,White,14/11/2022,,,72,,,
3313287,84850445,Nepal,14/11/2022,72,,,,,
3313287,84850445,Neighbour,14/11/2022,,72,,,,
3313287,84853984,Type_C (M),14/11/2022,,,,,,
3313287,84853984,Reality,14/11/2022,,,,,91,
3313287,84853984,Neighbour,14/11/2022,,91,,,,
3313287,84853984,Type_C (F),14/11/2022,,,,,,
3313287,84853984,Type_C,14/11/2022,,,,,,91
3313287,84853984,Nepal,14/11/2022,91,,,,,
3313287,84853984,Bus,14/11/2022,,,,91,,
3313287,84853984,White,14/11/2022,,,91,,,
3313287,84864183,Nepal,14/11/2022,120,,,,,
3313287,84864183,Type_C (F),14/11/2022,,,,,,
3313287,84864183,Neighbour,14/11/2022,,120,,,,
3313287,84864183,Type_C,14/11/2022,,,,,,120
3313287,84864183,Type_C (M),14/11/2022,,,,,,
3313287,84864183,Reality,14/11/2022,,,,,120,
3313287,84864183,White,14/11/2022,,,120,,,
3313287,84864183,Bus,14/11/2022,,,,120,,
3313287,84866360,Bus,14/11/2022,,,,87,,
3313287,84866360,Reality,14/11/2022,,,,,87,
3313287,84866360,Type_C (F),14/11/2022,,,,,,
3313287,84866360,Nepal,14/11/2022,87,,,,,
3313287,84866360,White,14/11/2022,,,87,,,
3313287,84866360,Type_C (M),14/11/2022,,,,,,
3313287,84866360,Neighbour,14/11/2022,,87,,,,
3313287,84866360,Type_C,14/11/2022,,,,,,87
3313287,84876563,Reality,14/11/2022,,,,,86,
3313287,84876563,Type_C (F),14/11/2022,,,,,,
3313287,84876563,Type_C (M),14/11/2022,,,,,,
3313287,84876563,Type_C,14/11/2022,,,,,,86
3313287,84876563,Bus,14/11/2022,,,,86,,
3313287,84876563,Neighbour,14/11/2022,,86,,,,
3313287,84876563,White,14/11/2022,,,86,,,
3313287,84876563,Nepal,14/11/2022,86,,,,,
3313287,84925882,Type_C (M),14/11/2022,,,,,,
3313287,84925882,Bus,14/11/2022,,,,88,,
3313287,84925882,Type_C (F),14/11/2022,,,,,,
3313287,84925882,White,14/11/2022,,,88,,,
3313287,84925882,Reality,14/11/2022,,,,,88,
3313287,84925882,Type_C,14/11/2022,,,,,,88
3313287,84925882,Nepal,14/11/2022,88,,,,,
3313287,84925882,Neighbour,14/11/2022,,88,,,,
3313287,86533625,Type_C (M),14/11/2022,,,,,,
3313287,86533625,Reality,14/11/2022,,,,,101,
3313287,86533625,Type_C,14/11/2022,,,,,,101
3313287,86533625,Neighbour,14/11/2022,,101,,,,
3313287,86533625,Nepal,14/11/2022,101,,,,,
3313287,86533625,Bus,14/11/2022,,,,101,,
3313287,86533625,White,14/11/2022,,,101,,,
3313287,86533625,Type_C (F),14/11/2022,,,,,,
3313287,86534802,Nepal,14/11/2022,105,,,,,
3313287,86534802,White,14/11/2022,,,105,,,
3313287,86534802,Type_C (M),14/11/2022,,,,,,
3313287,86534802,Type_C (F),14/11/2022,,,,,,
3313287,86534802,Type_C,14/11/2022,,,,,,105
3313287,86534802,Neighbour,14/11/2022,,105,,,,
3313287,86534802,Bus,14/11/2022,,,,105,,
3313287,86534802,Reality,14/11/2022,,,,,105,
3313287,86584591,Bus,14/11/2022,,,,108,,
3313287,86584591,Type_C,14/11/2022,,,,,,108
3313287,86584591,Type_C (M),14/11/2022,,,,,,
3313287,86584591,Neighbour,14/11/2022,,108,,,,
3313287,86584591,Type_C (F),14/11/2022,,,,,,
3313287,86584591,Reality,14/11/2022,,,,,108,
3313287,86584591,White,14/11/2022,,,108,,,
3313287,86584591,Nepal,14/11/2022,108,,,,,
3313287,90906927,Type_C (F),14/11/2022,,,,,,
3313287,90906927,Neighbour,14/11/2022,,61,,,,
3313287,90906927,Bus,14/11/2022,,,,61,,
3313287,90906927,Type_C (M),14/11/2022,,,,,,
3313287,90906927,Nepal,14/11/2022,61,,,,,
3313287,90906927,White,14/11/2022,,,61,,,
3313287,90906927,Reality,14/11/2022,,,,,61,
3313287,90906927,Type_C,14/11/2022,,,,,,61
3313287,92284449,Bus,14/11/2022,,,,89,,
3313287,92284449,White,14/11/2022,,,89,,,
3313287,92284449,Neighbour,14/11/2022,,89,,,,
3313287,92284449,Type_C (M),14/11/2022,,,,,,
3313287,92284449,Type_C,14/11/2022,,,,,,89
3313287,92284449,Nepal,14/11/2022,89,,,,,
3313287,92284449,Type_C (F),14/11/2022,,,,,,
3313287,92284449,Reality,14/11/2022,,,,,89,
3313287,92642919,Bus,14/11/2022,,,,82,,
3313287,92642919,Type_C,14/11/2022,,,,,,82
3313287,92642919,Reality,14/11/2022,,,,,82,
3313287,92642919,Neighbour,14/11/2022,,82,,,,
3313287,92642919,White,14/11/2022,,,82,,,
3313287,92642919,Nepal,14/11/2022,82,,,,,
3313287,92642919,Type_C (F),14/11/2022,,,,,,
3313287,92642919,Type_C (M),14/11/2022,,,,,,
3313287,252333534,Neighbour,14/11/2022,,86,,,,
3313287,252333534,Type_C,14/11/2022,,,,,,86
3313287,252333534,Type_C (M),14/11/2022,,,,,,
3313287,252333534,Nepal,14/11/2022,86,,,,,
3313287,252333534,White,14/11/2022,,,86,,,
3313287,252333534,Reality,14/11/2022,,,,,86,
3313287,252333534,Bus,14/11/2022,,,,86,,
3313287,252333534,Type_C (F),14/11/2022,,,,,,
3313287,269458666,Bus,14/11/2022,,,,76,,
3313287,269458666,Nepal,14/11/2022,76,,,,,
3313287,269458666,Type_C (F),14/11/2022,,,,,,
3313287,269458666,Reality,14/11/2022,,,,,76,
3313287,269458666,White,14/11/2022,,,76,,,
3313287,269458666,Neighbour,14/11/2022,,76,,,,
3313287,269458666,Type_C,14/11/2022,,,,,,76
3313287,269458666,Type_C (M),14/11/2022,,,,,,
3313287,289999240,White,14/11/2022,,,74,,,
3313287,289999240,Type_C (F),14/11/2022,,,,,,
3313287,289999240,Type_C (M),14/11/2022,,,,,,
3313287,289999240,Reality,14/11/2022,,,,,74,
3313287,289999240,Type_C,14/11/2022,,,,,,74
3313287,289999240,Nepal,14/11/2022,74,,,,,
3313287,289999240,Neighbour,14/11/2022,,74,,,,
3313287,289999240,Bus,14/11/2022,,,,74,,
3313287,290023275,Type_C (F),14/11/2022,,,,,,
3313287,290023275,Type_C,14/11/2022,,,,,,79
3313287,290023275,Bus,14/11/2022,,,,79,,
3313287,290023275,Nepal,14/11/2022,79,,,,,
3313287,290023275,Type_C (M),14/11/2022,,,,,,
3313287,290023275,Reality,14/11/2022,,,,,79,
3313287,290023275,White,14/11/2022,,,79,,,
3313287,290023275,Neighbour,14/11/2022,,79,,,,
3313287,290028006,Neighbour,14/11/2022,,90,,,,
3313287,290028006,Nepal,14/11/2022,90,,,,,
3313287,290028006,Type_C,14/11/2022,,,,,,90
3313287,290028006,White,14/11/2022,,,90,,,
3313287,290028006,Type_C (M),14/11/2022,,,,,,
3313287,290028006,Bus,14/11/2022,,,,90,,
3313287,290028006,Type_C (F),14/11/2022,,,,,,
3313287,290028006,Reality,14/11/2022,,,,,90,
3313287,394367947,Type_C (M),14/11/2022,,,,,,
3313287,394367947,Neighbour,14/11/2022,,78,,,,
3313287,394367947,Type_C,14/11/2022,,,,,,78
3313287,394367947,Bus,14/11/2022,,,,78,,
3313287,394367947,White,14/11/2022,,,78,,,
3313287,394367947,Reality,14/11/2022,,,,,78,
3313287,394367947,Type_C (F),14/11/2022,,,,,,
3313287,394367947,Nepal,14/11/2022,78,,,,,